"country","total_vaccinations","people_vaccinated","people_fully_vaccinated","daily_vaccinations","total_vaccinations_per_hundred","people_vaccinated_per_hundred","people_fully_vaccinated_per_hundred","daily_vaccinations_per_million","BBIBP-CorV","Oxford/AstraZeneca","Pfizer/BioNTech","Sinovac","Sputnik V","Sinopharm/Beijing","Johnson&Johnson","Moderna","Covaxin","CanSino","Sinopharm/Wuhan","Abdala","Soberana02","QazVac","Sinopharm/HayatVax","EpiVacCorona","RBD-Dimer","Region","Surface area (km2)","Population in thousands (2017)","Population density (per km2, 2017)","Sex ratio (m per 100 f, 2017)","GDP: Gross domestic product (million current US$)","GDP growth rate (annual %, const. 2005 prices)","GDP per capita (current US$)","Economy: Agriculture (% of GVA)","Economy: Industry (% of GVA)","Economy: Services and other activity (% of GVA)","Employment: Agriculture (% of employed)","Employment: Industry (% of employed)","Employment: Services (% of employed)","Unemployment (% of labour force)","Agricultural production index (2004-2006=100)","Food production index (2004-2006=100)","International trade: Exports (million US$)","International trade: Imports (million US$)","International trade: Balance (million US$)","Balance of payments, current account (million US$)","Population growth rate (average annual %)","Urban population (% of total population)","Urban population growth rate (average annual %)","Fertility rate, total (live births per woman)","Refugees and others of concern to UNHCR (in thousands)","Infant mortality rate (per 1000 live births","Health: Total expenditure (% of GDP)","Education: Government expenditure (% of GDP)","Seats held by women in national parliaments %","Mobile-cellular subscriptions (per 100 inhabitants)","Individuals using the Internet (per 100 inhabitants)","Threatened species (number)","CO2 emission estimates (million tons/tons per capita)","Energy production, primary (Petajoules)","Pop. using improved sanitation facilities (urban/rural, %)"
"Afghanistan",765890,582128,183762,12986,1.97,1.5,0.47,334,true,true,true,false,false,false,false,false,false,false,false,false,false,false,false,false,false,"SouthernAsia",652864,35530,54.4,106.3,20270,-2.4,623.2,23.3,23.3,53.3,61.6,10,28.5,8.6,125,125,1458,3568,-2110,-5121,3.2,26.7,4,5.3,1513.1,68.6,8.2,3.3,27.7,8.3,42,2.1,63,5,21.43
"Albania",901429,525800,375629,7571,31.32,18.27,13.05,2631,false,true,true,true,true,false,false,false,false,false,false,false,false,false,false,false,false,"SouthernEurope",28748,2930,106.9,101.9,11541,2.6,3984.2,22.4,26,51.7,41.4,18.3,40.3,15.8,134,134,1962,4669,-2707,-1222,-0.1,57.4,2.2,1.7,8.8,14.6,5.9,3.5,22.9,63.3,130,28.2,84,36,2.96
"Algeria",2500000,2500000,,22664,5.7,5.7,,517,false,true,false,false,true,false,false,false,false,false,false,false,false,false,false,false,false,"NorthernAfrica",2381741,41318,17.3,102,164779,3.8,4154.1,12.2,37.3,50.5,10.8,34.5,54.7,11.4,160,161,29992,47091,-17099,-27229,2,70.7,2.8,3,99.8,27.7,7.2,"...",31.6,38.2,135,0.8,5900,55,0.05
"Andorra",63265,38667,24598,1737,81.88,50.04,31.84,22481,false,true,true,false,false,false,false,false,false,false,false,false,false,false,false,false,false,"SouthernEurope",468,77,163.8,102.3,2812,0.8,39896.4,0.5,10.8,88.6,-99,-99,-99,-99,-99,-99,100,1355,-1255,-99,-1.6,85.1,0.1,1.2,-99,-99,8.1,3.3,32.1,96.9,13,34,1,119,-99
"Angola",1380174,866381,513793,14642,4.2,2.64,1.56,446,false,true,false,false,false,false,false,false,false,false,false,false,false,false,false,false,false,"MiddleAfrica",1246700,29784,23.9,96.2,117955,3,4714.1,6.8,51.2,42,4.2,37.6,58.2,6.6,175,176,21011,8790,12221,-10273,3.5,44.1,5,6,45.7,65.4,3.3,"...",38.2,12.4,146,46.5,3902,25,0.42
"Anguilla",15198,9183,6015,37,101.31,61.21,40.09,2466,false,true,false,false,false,false,false,false,false,false,false,false,false,false,false,false,false,"Caribbean",91,15,165.7,97.6,320,2.9,21879.6,2.3,15.7,82,"...","...","...","...",-99,-99,2,154,-153,-48,1.2,100,1.2,"...","~0.0",-99,-99,"...",-99,76,52,61.1,0,136,-99
"Antigua and Barbuda",62809,35768,27041,542,64.14,36.52,27.61,5535,false,true,false,false,false,false,false,false,false,false,false,false,false,false,false,false,false,"Caribbean",442,102,231.8,92.3,1356,4.1,14764.5,1.9,18.3,79.8,"...","...","...","...",88,88,61,491,-429,-204,1.1,23.8,-0.9,2.1,"~0.0",9.1,5.5,"...",11.1,65.2,55,22.3,-99,84,0.12
"Argentina",18646784,14886910,3759874,252881,41.26,32.94,8.32,5595,false,true,false,false,true,true,false,false,false,false,false,false,false,false,false,false,false,"SouthAmerica",2780400,44271,16.2,95.9,632343,2.4,14564.5,6,27.8,66.2,2,24.8,73.1,6.5,119,119,57733,55610,2124,-15944,1,91.8,1,2.3,5,13.7,4.8,5.3,38.9,69.4,256,10,3167,85,0.01
"Armenia",55557,,,1132,1.87,,,382,false,true,false,true,true,false,false,false,false,false,false,false,false,false,false,false,false,"WesternAsia",29743,2930,102.9,88.8,10529,3,3489.1,19,28.3,52.8,35,15.7,49.3,16.6,135,135,1776,3230,-1455,-279,0.3,62.7,-0.1,1.6,19.3,13.2,4.5,2.8,9.9,58.2,114,11.7,48,46,3.17
"Aruba",124856,67126,57730,311,116.94,62.87,54.07,2913,false,false,true,false,false,false,false,false,false,false,false,false,false,false,false,false,false,"Caribbean",180,105,584.8,90.4,2702,0.1,26005.4,0.5,15.4,84.1,0.6,14,85.1,"...",-99,-99,95,1117,-1022,96,0.5,41.5,-0.3,1.8,"~0.0",14.8,-99,6.2,-99,88.7,32,2.3,1,120,-99
"Australia",6860276,5754768,1105508,110994,26.9,22.57,4.34,4353,false,true,true,false,false,false,false,false,false,false,false,false,false,false,false,false,false,"Oceania",7692060,24451,3.2,99.3,1230859,2.4,51352.2,2.5,26.5,71.1,2.7,21.2,76.1,5.5,111,111,189630,189406,224,-57746,1.5,89.4,1.5,1.9,58.2,3.9,9.4,5.2,28.7,84.6,948,16.2,15282,222,-99
"Austria",7125249,4553906,2667772,80446,79.11,50.56,29.62,8932,false,true,true,false,false,false,true,true,false,false,false,false,false,false,false,false,false,"WesternEurope",83871,8736,106,96.2,376967,1,44117.7,1.3,28.3,70.4,4.7,25.6,69.7,6.2,108,108,145503,149299,-3795,7020,0.6,66,0.4,1.4,166.4,3.3,11.2,5.5,30.6,83.9,118,46.9,505,158,-99
"Azerbaijan",3080340,1997612,1082728,34431,30.38,19.7,10.68,3396,false,true,false,true,true,false,false,false,false,false,false,false,false,false,false,false,false,"WesternAsia",86600,9828,118.9,99.3,53049,0.7,5438.7,6.7,49.9,43.4,36.7,14.2,49.1,5.2,131,136,9143,8532,611,-222,1.3,54.6,1.6,2.1,623.3,31.4,6,2.6,16.8,77,97,13.5,2459,61,0.14
"Bahamas",79246,54199,25047,1391,20.15,13.78,6.37,3537,false,true,false,false,false,false,false,false,false,false,false,false,false,false,false,false,false,"Caribbean",13940,395,39.5,95.9,8854,-1.7,22817.2,1.6,12.7,85.7,3.9,14.2,81.9,14.7,132,132,365,2904,-2539,-1409,1.4,82.9,1.5,1.8,0.1,9.1,7.7,"...",13.2,78,86,51.4,0,90,-99
"Bahrain",1978826,1048212,930614,9679,116.29,61.6,54.69,5688,false,true,true,false,true,true,false,false,false,false,false,false,false,false,false,false,false,"WesternAsia",771,1493,1963.9,168.3,31126,2.9,22600.2,0.3,40.7,59,1,33.4,65.6,1.3,167,167,12892,14749,-1856,1124,2,88.8,1.7,2.1,0.4,6.9,5,2.7,7.5,93.5,36,0.8,961,413,-99
"Bangladesh",10090206,5823245,4266961,2195,6.13,3.54,2.59,13,true,true,true,false,false,false,false,false,false,false,false,false,false,false,false,false,false,"SouthernAsia",147570,164670,1265,101.7,194466,6.6,1207.9,15.5,28.1,56.3,40.6,19.1,40.3,4,141,140,36031,52624,-16593,2687,1.2,34.3,3.6,2.2,233,33.3,2.8,1.9,20.3,14.4,151,11,1438,11,1.24
"Barbados",160266,92874,67392,1139,55.77,32.32,23.45,3964,false,true,false,false,false,false,false,false,false,false,false,false,false,false,false,false,false,"Caribbean",431,286,664.5,91.9,4385,0.9,15429.4,1.7,12.1,86.2,2.8,19.3,77.9,11.3,88,88,517,1621,-1104,-248,0.3,31.5,0.1,1.8,"~0.0",9.6,7.5,6.6,16.7,76.1,56,14.7,2,59,"..."
"Belarus",1068413,699141,369272,20498,11.31,7.4,3.91,2169,true,false,false,false,true,false,false,false,false,false,false,false,false,false,false,false,false,"EasternEurope",207600,9468,46.7,87,54609,-3.9,5750.8,7.5,38.9,53.6,9.6,32,58.4,0.5,122,122,23414,27464,-4050,-2037,"~0.0",76.7,"~0.0",1.6,7.9,3.6,5.7,4.9,34.5,62.2,25,42.5,155,122,0.2
"Belgium",9873185,6483736,3610949,126990,85.19,55.94,31.16,10957,false,true,true,false,false,false,true,true,false,false,false,false,false,false,false,false,false,"WesternEurope",30528,11429,377.5,97.3,455107,1.5,40277.8,0.7,22.2,77.1,1.2,21.2,77.6,8.3,108,107,398033,372713,25321,1936,0.6,97.9,0.5,1.8,63.8,3.5,10.6,6.6,38,85.1,37,22.6,520,196,-99
"Belize",106010,79993,26017,1508,26.66,20.12,6.54,3793,false,true,false,false,false,true,false,false,false,false,false,false,false,false,false,false,false,"CentralAmerica",22966,375,16.4,99.2,1721,1.2,4789.4,14.6,18.5,66.9,16.1,15.9,67.9,11.5,97,97,246,952,-706,-175,2.2,44,1.9,2.6,3.1,14.3,5.8,6.4,9.4,41.6,117,60.1,9,36,1.68
"Benin",26624,21834,4790,761,0.22,0.18,0.04,63,false,true,false,true,false,false,false,false,false,false,false,false,false,false,false,false,false,"WesternAfrica",114763,11176,99.1,99.5,8476,5.2,779.1,23.2,24.9,51.9,43.2,10.2,46.6,1,152,158,410,2630,-2220,-885,2.8,44,3.7,5.2,0.8,67.7,4.6,4.4,7.2,6.8,88,38.7,96,17,5.09
"Bermuda",76860,41198,35662,287,123.42,66.16,57.27,4609,false,false,true,false,false,false,false,false,false,false,false,false,false,false,false,false,false,"NorthernAmerica",53,61,1227,91.4,5853,0.4,94399.9,0.7,5.3,94,1.6,10.3,87.6,6.7,115,115,8,971,-963,817,-0.6,100,0.2,1.5,-99,-99,-99,1.7,-99,98.3,72,20,1,136,-99
"Bhutan",484189,484189,,87,62.75,62.75,,113,false,true,false,false,false,false,false,false,false,false,false,false,false,false,false,false,false,"SouthernAsia",38394,808,21.2,113.1,2074,5.2,2677.1,17.2,43.9,38.8,56.6,9.7,33.7,2.4,98,98,616,1688,-1072,-579,1.6,38.6,3.7,2.2,-99,30.5,3.6,7.4,8.5,39.8,71,72,75,82,5.26
"Bolivia (Plurinational State of)",2231841,1645289,586552,19774,19.12,14.09,5.02,1694,false,true,true,false,true,true,false,false,false,false,false,false,false,false,false,false,false,"SouthAmerica",1098581,11052,10.2,100.2,32998,4.8,3076.8,12.6,31,56.5,29.5,21.1,49.4,3.8,142,143,6969,8374,-1405,-1854,1.6,68.5,2.3,3,0.8,42.9,6.3,7.3,53.1,45.1,231,50.8,962,32,2.38
"Bosnia and Herzegovina",315780,252499,63281,4372,9.63,7.7,1.93,1333,false,true,true,true,true,false,false,false,false,false,false,false,false,false,false,false,false,"SouthernEurope",51209,3507,68.8,96.4,16251,3.1,4265,7.3,26.5,66.2,18,30.4,51.7,25.4,96,97,5327,9130,-3803,-923,-1,39.8,0.1,1.3,157.6,7.6,9.6,-99,21.4,65.1,91,42.7,252,85,2.2
"Botswana",200893,152383,48510,5283,8.54,6.48,2.06,2247,false,true,false,false,false,false,false,false,false,false,false,false,false,false,false,false,false,"SouthernAfrica",582000,2292,4,97.7,14391,-0.3,6360.6,2.4,33.4,64.2,25.7,14.9,59.4,18.6,110,110,7321,6103,1218,1120,1.8,57.4,1.3,2.9,2.8,35.2,5.4,"...",9.5,27.5,28,19.3,47,44,0.46
"Brazil",91593968,67005097,24588871,1436195,43.09,31.52,11.57,6757,false,true,true,true,false,false,false,false,false,false,false,false,false,false,false,false,false,"SouthAmerica",8515767,209288,25,96.6,1772591,-3.8,8528.3,5.2,22.7,72,15.2,21.5,63.2,12.4,135,136,185235,137552,47683,-58882,0.9,85.7,1.2,1.8,41.1,15.8,8.3,6,10.7,59.1,990,59.2,10948,61,0.06
"British Virgin Islands",20278,12405,7873,106,67.06,41.03,26.04,3506,false,true,false,false,false,false,false,false,false,false,false,false,false,false,false,false,false,"Caribbean",151,31,208,97.1,908,-1.1,30144.5,1,11.1,87.8,"...","...","...",-99,103,103,"~0",444,-444,-99,2,46.2,1.8,"...","...",-99,-99,6.6,-99,37.6,67,24.1,0,85,-99
"Bulgaria",1695298,927575,767723,10793,24.4,13.35,11.05,1553,false,true,true,false,false,false,true,true,false,false,false,false,false,false,false,false,false,"EasternEurope",111002,7085,65.3,94.6,48953,3,6846.8,5.1,27.6,67.2,6.5,29.4,64.1,8.1,117,119,26088,28875,-2787,196,-0.6,73.9,-0.3,1.5,33.7,8.3,8.4,4.1,19.2,56.7,104,35.1,474,103,-99
"Burkina Faso",17775,17775,,1825,0.09,0.09,,87,false,true,false,false,false,false,false,false,false,false,false,false,false,false,false,false,false,"WesternAfrica",272967,19193,70.2,99.5,11065,4.1,611.1,34.5,21.8,43.7,80,4.9,15.1,2.9,131,134,2019,3699,-1680,-998,3,29.9,5.9,5.6,32.7,64.8,5,4.1,11,11.4,31,19.8,123,9,9.11
"Cambodia",6378584,3619420,2759164,88076,38.15,21.65,16.5,5268,false,true,false,true,false,true,false,false,false,false,false,false,false,false,false,false,false,"South-easternAsia",181035,16005,90.7,95.3,18050,7,1158.7,28.2,29.4,42.3,42.4,19.6,38,0.3,175,177,13204,15313,-2109,-1657,1.6,20.7,2.6,2.7,0.3,29.9,5.7,1.9,20.3,19,255,54.3,178,17,3.97
"Cameroon",97245,78476,18769,1250,0.37,0.3,0.07,47,true,true,false,false,false,false,false,false,false,false,false,false,false,false,false,false,false,"MiddleAfrica",475650,24054,50.9,100.2,28416,5.8,1217.3,22.7,28.3,49.1,61.8,8.7,29.5,4.6,155,160,2130,4899,-2768,-1173,2.7,54.4,3.6,5,544.9,67.5,4.1,3,31.1,20.7,775,40.3,408,14,2.31
"Canada",33585366,25311357,8274009,457963,88.99,67.06,21.92,12134,false,true,true,false,false,false,false,true,false,false,false,false,false,false,false,false,false,"NorthernAmerica",9984670,36624,4,98.5,1552808,0.9,43205.6,1.8,28.6,69.6,2.1,19.5,78.4,7.1,109,109,388911,402954,-14043,-53083,1,81.8,1.2,1.6,155.8,4.7,10.4,5.3,26.3,88.5,122,38.2,19276,324,-99
"Cayman Islands",89619,47419,41949,326,136.36,72.15,63.83,4960,false,true,true,false,false,false,false,false,false,false,false,false,false,false,false,false,false,"Caribbean",264,62,256.5,100.4,3726,0.7,62132,0.3,7.5,92.2,0.8,15.5,83.6,6.3,104,104,18,991,-972,-99,1.5,100,1.5,"...",0.1,-99,-99,-99,-99,77,74,52.9,-99,130,-99
"Central African Republic",42644,41095,1549,2300,0.88,0.85,0.03,476,false,true,false,false,false,false,false,false,true,false,false,false,false,false,false,false,false,"MiddleAfrica",622984,4659,7.5,97.3,1633,4.8,333.2,34.9,24.8,40.4,72.2,4.3,23.4,6.9,114,113,213,147,66,-99,0.4,40,2.6,5.1,470.5,93.5,4.2,1.2,8.6,4.6,60,35.6,19,5,32.25
"Chad",5324,5324,,,0.03,0.03,,,true,false,false,false,false,false,false,false,false,false,false,false,false,false,false,false,false,"MiddleAfrica",1284000,14900,11.8,100.2,10009,6.6,713,25.4,39,35.6,76.6,2,21.4,5.8,146,151,1990,1371,619,-99,3.3,22.5,3.4,6.3,512.3,91.2,3.6,2.8,12.8,2.7,43,4,288,6,5.74
"Chile",21731308,12206213,9747151,121736,113.68,63.85,50.99,6368,false,true,true,true,false,false,false,false,false,true,false,false,false,false,false,false,false,"SouthAmerica",756102,18055,24.3,98.2,240796,2.3,13416.2,3.9,32.8,63.3,9.6,22.9,67.5,6.8,111,111,59884,58804,1080,-4761,0.9,89.5,1.1,1.8,3.7,7.4,7.8,4.9,15.8,64.3,197,23.4,540,85,0.02
"China",1095902000,,,21536000,76.14,,,14963,false,false,false,true,false,true,false,false,false,true,true,false,false,false,false,false,false,"EasternAsia",9600000,1409517,150.1,106.3,11158457,6.9,8109.1,9.2,41.1,49.7,27,23.9,49.1,4.6,132,133,2118981,1588696,530285,330602,0.5,55.6,3,1.6,301.7,11.6,5.5,-99,23.7,50.3,1080,22,101394,87,0
"Colombia",15682435,10493152,5189283,316710,30.82,20.62,10.2,6224,false,true,true,true,false,false,false,false,false,false,false,false,false,false,false,false,false,"SouthAmerica",1141748,49066,44.2,96.8,292080,3.1,6056.1,6.8,34,59.2,13.5,16.6,69.9,10.5,114,115,31045,44831,-13786,-18922,1,76.4,1.7,1.9,7127,17.9,7.2,4.5,18.7,55.9,835,52.8,5380,31,0.47
"Comoros",84360,43140,41220,57,9.7,4.96,4.74,66,false,true,false,false,false,true,false,false,true,false,false,false,false,false,false,false,false,"EasternAfrica",2235,814,437.4,101.8,1079,4.8,1368.9,30.7,4,65.3,62,5.2,32.8,20,107,107,20,193,-173,"...",2.4,28.3,2.7,4.6,"...",58.1,6.7,4.3,6.1,7.5,114,20.1,3,6,12.05
"Congo",67511,,,1078,1.22,,,195,true,true,false,false,true,false,false,true,false,false,false,false,false,false,false,false,false,"MiddleAfrica",342000,5261,15.4,100.1,8493,1.2,1838.1,4.7,70,25.3,40.7,25.8,33.5,11.5,106,106,2540,9793,-7253,"...",2.6,65.4,3.2,4.9,54.9,46.5,5.2,"...",7.4,7.6,134,65.4,648,24,1.05
"Cook Islands",17556,9613,7943,812,99.95,54.73,45.22,46231,false,true,false,false,false,false,false,false,false,false,false,false,false,false,false,false,false,"Polynesia",236,17,72.4,97.4,294,5.5,14118.7,8.1,9,82.9,4.3,11.7,84,8.2,91,91,14,98,-84,-99,-1.2,74.5,0.9,2.6,-99,3.6,3.4,3.9,-99,-99,75,62.9,-99,48,-99
"Costa Rica",2331030,1535967,795063,22564,45.76,30.15,15.61,4429,false,true,true,false,false,false,false,false,false,false,false,false,false,false,false,false,false,"CentralAmerica",51100,4906,96.1,100.1,52958,3.7,11015,5.1,21.5,73.4,11.6,19.1,69.3,8.6,127,129,9908,15322,-5414,-2493,1.1,76.8,2.7,1.9,10.1,9.3,9.3,7.2,35.1,59.8,340,53.4,110,44,0.22
"Croatia",2389633,1456750,932833,27583,58.21,35.48,22.72,6719,false,true,true,false,false,false,false,true,false,false,false,false,false,false,false,false,false,"SouthernEurope",56594,4189,74.9,93.1,48676,1.6,11479.4,4.1,26.6,69.3,9.2,26.8,64,11.7,91,91,13648,21830,-8182,2492,-0.4,59,0.1,1.5,15.5,3.9,7.8,4.6,19.9,69.8,176,34.3,182,79,"..."
"Cuba",4979420,2277657,924789,161573,43.96,20.11,8.16,14265,false,false,false,false,false,false,false,false,false,false,false,true,true,false,false,false,false,"Caribbean",109884,11485,107.9,100.1,87206,4.4,7656.6,5,20.5,74.5,12.9,11.7,75.3,3,100,101,18000,4911,13089,-99,0.2,77.1,0.1,1.7,0.4,5.5,11.1,"...",48.9,31.1,339,30.2,212,47,"..."
"Cyprus",753106,447383,305723,7391,85.98,51.08,34.9,8438,false,true,true,false,false,false,true,true,false,false,false,false,false,false,false,false,false,"WesternAsia",9251,1180,127.7,100.2,19561,1.7,21941.9,2.3,10.6,87.2,4.1,16.7,79.2,10.3,80,80,1920,6604,-4684,-576,0.9,66.9,0.9,1.4,16.2,4.2,7.4,6.1,17.9,71.7,72,18.7,5,72,-99
"Czechia",7570988,4874315,2779741,93889,70.7,45.52,25.96,8767,false,true,true,false,false,false,true,true,false,false,false,false,false,false,false,false,false,"EasternEurope",78868,10618,137.5,96.7,185156,4.5,17561.7,2.5,37.8,59.7,2.5,37,60.5,3.9,102,102,161248,140316,20932,1683,0.1,73,0.3,1.5,6,2.5,7.4,4.1,20,81.3,53,34.5,1221,164,-99
"Denmark",,3114453,1703645,,,53.77,29.41,,false,false,true,false,false,false,true,true,false,false,false,false,false,false,false,false,false,"NorthernEurope",42921,5734,135.1,99,301308,1.6,53149.3,1.2,22.9,75.8,2.4,19.2,78.4,6,105,105,94355,85133,9222,27582,0.5,87.7,0.6,1.7,48.2,3.5,10.8,8.6,37.4,96.3,47,14.4,666,119,-99
"Djibouti",21357,12547,8810,802,2.16,1.27,0.89,812,false,true,false,false,true,true,false,false,false,false,false,false,false,false,false,false,false,"EasternAfrica",23200,957,41.3,100.7,1737,6.5,1956.3,3.3,21.4,75.3,22.8,23.9,53.2,6.6,133,133,134,987,-852,-548,1.7,77.3,1.6,3.1,19.9,55.3,10.6,"...",10.8,11.9,98,0.2,3,13,"..."
"Dominica",38192,20183,18009,65,53.05,28.04,25.02,903,false,true,false,false,false,false,false,false,false,false,false,false,false,false,false,false,false,"Caribbean",750,74,98.6,103,512,-1.8,7051.1,15.4,13.2,71.5,"...","...","...","...",110,111,23,214,-191,-72,0.5,69.5,0.8,"...",-99,-99,5.5,-99,25,67.6,66,58.1,0,29,2.36
"Dominican Republic",7301587,4691111,2610476,118355,67.31,43.24,24.06,10910,false,true,true,true,false,true,false,false,false,false,false,false,false,false,false,false,false,"Caribbean",48671,10767,222.8,99.2,67103,7,6373.6,6.6,28,65.4,13.1,16.9,70,14.4,136,138,3747,22725,-18978,-1335,1.2,79,2.6,2.5,1.3,25.1,4.4,"...",26.8,51.9,184,40.4,28,28,0.43
"Ecuador",3725385,2480014,1245371,84571,21.12,14.06,7.06,4793,false,true,true,true,false,false,false,false,false,false,false,false,false,false,false,false,false,"SouthAmerica",257217,16625,66.9,99.9,100177,0.2,6205.1,10.1,34.1,55.8,25.7,19.2,55.1,5.8,118,119,16798,16189,609,-2201,1.6,63.7,1.9,2.6,133.1,21.1,9.2,5,41.6,48.9,2358,50.8,1247,42,0.31
"Egypt",4010467,3315854,694613,54800,3.92,3.24,0.68,535,true,true,false,true,true,false,false,false,false,false,false,false,false,false,false,false,false,"NorthernAfrica",1002000,97553,98,102.3,315917,4.2,3452.3,11.2,36.3,52.5,25.4,25.3,49.3,11.5,120,122,22507,58053,-35545,-16786,2.2,43.1,1.7,3.4,256.5,18.9,5.6,"...",14.9,35.9,156,0.1,3509,36,0.78
"El Salvador",2586522,1508453,1078069,22724,39.88,23.26,16.62,3503,false,true,true,true,false,false,false,false,false,false,false,false,false,false,false,false,false,"CentralAmerica",21041,6378,307.8,88.5,25850,2.5,4219.4,10.8,25.8,63.3,18.6,20.2,61.2,6.4,111,117,5335,9855,-4519,-920,0.5,66.7,1.4,2.2,4.7,17,6.8,3.5,32.1,26.9,86,13,86,28,0.36
"Equatorial Guinea",257146,148579,108567,1417,18.33,10.59,7.74,1010,false,false,false,false,false,true,false,false,false,false,false,false,false,false,false,false,false,"MiddleAfrica",28052,1268,45.2,124,13812,-7.4,16344.1,1.2,73.1,25.7,18.8,18,63.2,7.7,117,118,7443,5456,1987,-99,4.2,39.9,3.1,5,-99,70,3.8,-99,24,21.3,177,56.3,841,87,0.15
"Estonia",914509,548942,365567,7585,68.94,41.38,27.56,5718,false,true,true,false,false,false,true,true,false,false,false,false,false,false,false,false,false,"NorthernEurope",45227,1310,30.9,88.2,22460,1.4,17112,3.4,27.4,69.2,3.8,29,67.3,7.2,136,136,13952,15759,-1807,493,-0.3,67.5,-0.4,1.6,84.2,3.2,6.4,5.5,26.7,88.4,23,52.7,242,193,-99
"Ethiopia",1982320,,,3957,1.72,,,34,false,true,false,false,false,false,false,false,false,false,false,false,false,false,false,false,false,"EasternAfrica",1104300,104957,105,99.7,59917,9.6,602.8,40.5,16,43.5,70.5,8.4,21.1,5.7,158,157,1724,19121,-17397,"...",2.6,19.5,4.9,4.6,745.7,45.8,4.9,4.5,38.8,11.6,148,12.5,1308,15,5.28
"Fiji",274008,256018,17990,4886,30.57,28.56,2.01,5450,false,true,false,false,false,false,false,false,false,false,false,false,false,false,false,false,false,"Melanesia",18272,906,49.6,103.1,4391,3.6,4921.9,11.3,18.1,70.7,21.3,2.9,75.8,7.7,88,88,926,2316,-1391,-72,0.7,53.7,1.5,2.6,"~0.0",16,4.5,3.9,16,46.3,291,55.4,8,26,2.46
"Finland",4011742,3128243,883499,52557,72.4,56.46,15.95,9486,false,true,true,false,false,false,false,true,false,false,false,false,false,false,false,false,false,"NorthernEurope",338440,5523,18.2,97.2,231960,0.2,42148.1,2.5,26.8,70.6,4.2,22,73.8,8.9,101,101,57326,60502,-3176,-979,0.4,84.2,0.5,1.8,32.6,2.3,9.7,7.2,42,92.7,36,73.1,757,257,-99
"France",48988343,32251464,17238239,574909,72.51,47.73,25.51,8509,false,true,true,false,false,false,true,true,false,false,false,false,false,false,false,false,false,"WesternEurope",551500,64980,118.7,96.7,2418946,1.3,36304.2,1.7,19.5,78.8,2.7,20.5,76.8,9.8,103,103,488885,560555,-71670,-4861,0.4,79.5,0.8,2,356.2,3.4,11.5,5.5,25.8,84.7,278,30.8,5694,158,-99
"French Polynesia",125484,67913,57571,945,44.67,24.18,20.49,3364,false,true,false,false,false,false,false,false,false,false,false,false,false,false,false,false,false,"Polynesia",4000,283,77.3,103.7,5135,1.6,18161,2.8,11.9,85.2,8.9,16.9,74.2,17,98,98,173,1491,-1319,208,0.7,55.9,0.9,2.1,-99,6.9,-99,-99,-99,64.6,175,42.3,1,43,-99
"Gabon",41737,29400,12337,1376,1.88,1.32,0.55,618,false,false,false,false,false,true,false,false,false,false,false,false,false,false,false,false,false,"MiddleAfrica",267668,2025,7.9,105.6,13735,3.9,7960.7,3.8,54.5,41.7,16.2,19.1,64.8,18.1,97,92,2851,2930,-79,"...",3.3,87.2,2.7,4,2.9,40.8,3.4,2.7,17.1,23.5,270,88.5,559,64,0.73
"Gambia",40810,30421,10389,1458,1.69,1.26,0.43,603,false,true,false,false,false,true,false,false,false,false,false,false,false,false,false,false,false,"WesternAfrica",11295,2101,207.6,98,942,4.7,473.2,21.1,14.9,64,30.4,14.4,55.2,29.7,82,82,32,471,-439,"...",3.1,59.6,4.3,5.6,7.9,49.8,7.3,2.8,9.4,17.1,67,48.1,7,7,12.35
"Georgia",329582,242451,87131,5832,8.26,6.08,2.18,1462,false,true,false,false,false,false,false,false,false,false,false,false,false,false,false,false,false,"WesternAsia",69700,3912,56.3,91.4,13965,2.8,3491.4,9,24.1,66.9,44.7,11.2,44.1,11.4,85,86,2114,7236,-5122,-1775,-1.4,53.6,-0.1,2,274.1,11.2,7.4,2,16,45.2,120,40.6,61,47,3.3
"Germany",69516383,43447927,27836951,809484,82.97,51.86,33.22,9662,false,true,true,false,false,false,true,true,false,false,false,false,false,false,false,false,false,"WesternEurope",357376,82114,235.6,97,3363600,1.7,41686.2,0.6,30.5,68.9,1.4,27.5,71.2,4.2,111,111,1340752,1060672,280080,279969,0.2,75.3,0.2,1.4,1052.1,3.4,11.3,5,37,87.6,116,32.7,5004,158,-99
"Ghana",1232876,852047,380829,233,3.97,2.74,1.23,7,false,true,false,false,true,false,false,false,false,false,false,false,false,false,false,false,false,"WesternAfrica",238537,28834,126.7,99.3,37156,3.9,1355.6,19,26.9,54.1,41.9,14.2,43.8,5.9,144,144,7221,11939,-4718,-2809,2.4,54,3.4,4.2,27.3,46.5,3.6,6.2,12.7,23.5,238,40.9,410,14,4.81
"Gibraltar",77969,39174,38795,15,231.42,116.27,115.15,445,false,false,true,false,false,false,false,false,false,false,false,false,false,false,false,false,false,"SouthernEurope",6,35,3457.1,101.8,-99,-99,-99,-99,-99,-99,-99,-99,-99,-99,-99,-99,234,533,-299,-99,0.6,100,0.1,-99,-99,-99,-99,-99,-99,65,31,0,-99,259,-99
"Greece",7722093,4604203,3321644,82753,74.09,44.17,31.87,7939,false,true,true,false,false,false,true,true,false,false,false,false,false,false,false,false,false,"SouthernEurope",131957,11160,86.6,96.9,194860,-0.2,17788,4.1,15.7,80.2,12.9,15,72.1,23,86,87,27811,47595,-19784,218,-0.4,78,0.5,1.3,94.7,3.3,8.1,"...",18.3,66.8,374,31.2,368,89,-99
"Greenland",33425,23009,10416,343,58.88,40.53,18.35,6042,false,false,false,false,false,false,false,true,false,false,false,false,false,false,false,false,false,"NorthernAmerica",2166086,56,0.1,112.1,2078,0.3,36976.7,10,15.9,74.1,4.6,12.6,82.5,9.7,99,99,553,623,-71,-99,-0.1,86.4,0.7,2,-99,-99,-99,-99,-99,67.6,23,"~0.0",2,154,-99
"Grenada",29157,19024,10133,175,25.91,16.91,9.01,1555,false,true,false,false,false,false,false,false,false,false,false,false,false,false,false,false,false,"Caribbean",345,108,317.1,100.9,954,6.2,8933.8,8.3,13.9,77.8,-99,-99,-99,"...",103,103,30,350,-320,-213,0.4,35.6,0.3,2.2,"~0.0",9.6,6.1,"...",33.3,53.8,54,50,0,35,2.55
"Guatemala",859739,707948,151791,21091,4.8,3.95,0.85,1177,false,true,false,false,false,false,false,true,false,false,false,false,false,false,false,false,false,"CentralAmerica",108889,16914,157.8,96.9,63794,4.1,3903.5,10.8,27.2,62,32,18.5,49.4,2.4,158,158,10572,16987,-6415,-96,2.1,51.6,3.4,3.2,1.8,26.9,6.2,3,12.7,27.1,290,33.4,327,32,0.66
"Guinea",524765,380946,143819,11903,4,2.9,1.1,906,false,false,false,false,true,false,false,false,false,false,false,false,false,false,false,false,false,"WesternAfrica",245857,12717,51.8,100.6,8875,0.1,703.9,19.8,32.8,47.4,69.7,7.4,22.9,6.8,130,131,1753,2082,-329,-1240,2.3,37.2,3.8,5.1,9.2,65.7,5.6,3.2,21.9,4.7,185,26,113,12,8.65
"Guinea-Bissau",18706,18706,,475,0.95,0.95,,241,false,true,false,false,false,true,false,false,false,false,false,false,false,false,false,false,false,"WesternAfrica",36125,1861,66.2,96.9,978,4.8,530,45,14.5,40.5,60.1,5.8,34.1,6.5,137,138,885,212,673,-53,2.6,49.3,4.1,4.9,8.8,80.4,5.6,2.2,13.7,3.5,77,70.5,25,17,9.03
"Guyana",326325,227690,98635,2371,41.49,28.95,12.54,3014,false,true,false,false,true,false,false,false,false,false,false,false,false,false,false,false,false,"SouthAmerica",214969,778,4,101.9,3282,3.1,4278.8,17.6,31.7,50.6,18.4,25.4,56.2,11.3,142,143,1453,1625,-172,-144,0.6,28.6,0.8,2.6,"~0.0",33.2,5.2,3.2,31.9,38.2,94,84,7,46,0.97
"Honduras",591888,533888,58000,15147,5.98,5.39,0.59,1529,false,true,false,false,true,false,true,true,false,false,false,false,false,false,false,false,false,"CentralAmerica",112492,9265,82.8,99.4,20365,3.6,2521.9,13,25.1,61.9,29.4,21.6,49,5.6,122,119,3657,8448,-4791,-1291,1.8,54.7,3.1,2.6,176.2,27.8,8.7,5.9,25.8,20.4,301,42.1,105,28,2.86
"Hungary",,5445544,4657776,,,56.37,48.22,,false,true,true,false,true,true,true,true,false,false,false,false,false,false,false,false,false,"EasternEurope",93024,9722,107.4,90.7,121715,3.1,12350.6,4.1,31.9,64,4.3,29.8,65.9,4.5,99,99,103071,92044,11027,3946,-0.3,71.2,0.5,1.3,14.4,4.9,7.4,4.7,10.1,72.8,66,22.8,423,97,-99
"Iceland",368066,250484,166490,3960,107.86,73.4,48.79,11604,false,true,true,false,false,false,true,true,false,false,false,false,false,false,false,false,false,"NorthernEurope",103000,335,3.3,100.7,16780,4.2,50936,6.4,24,69.7,4,17.7,78.2,3.6,117,117,4450,5703,-1254,854,0.6,94.1,1.3,2,0.5,1.6,8.9,7.8,47.6,98.2,27,0.5,284,952,-99
"India",293370338,241720520,51649818,5006348,21.26,17.52,3.74,3628,false,true,false,false,false,false,false,false,true,false,false,false,false,false,false,false,false,"SouthernAsia",3287263,1339180,450.4,107.6,2116239,7.6,1614.2,17,29.7,53.2,44.3,24.5,31.2,3.4,143,142,260327,356705,-96378,-22457,1.2,32.7,2.4,2.4,211.1,41.3,4.7,3.8,11.8,26,1052,23.7,23103,27,0.16
"Indonesia",36998897,24358856,12640041,533501,13.53,8.91,4.62,1950,false,true,false,true,false,false,false,false,false,false,false,false,false,false,false,false,false,"South-easternAsia",1910931,263991,145.7,101.4,861934,4.8,3346.5,14,41.3,44.7,31.4,22.4,46.2,5.8,139,140,144490,135653,8837,-17697,1.2,53.7,2.7,2.4,13.8,25,2.8,3.6,19.8,22,1281,50.6,19481,35,0
"Iraq",805363,548696,256667,16649,2,1.36,0.64,414,true,true,true,false,true,false,false,false,false,false,false,false,false,false,false,false,false,"WesternAsia",435052,38275,88.1,102.5,164234,-2.4,4509,4.6,58,37.4,20.4,21,58.6,16.1,123,123,27341,45831,-18490,4121,3.2,69.5,3,4.6,4736.2,32.1,5.5,-99,25.3,17.2,72,1.9,6744,58,0.88
"Ireland",3218310,2217448,,47444,65.18,44.91,,9608,false,true,true,false,false,false,true,true,false,false,false,false,false,false,false,false,false,"NorthernEurope",69797,4762,69.1,98.4,283716,26.3,60513.6,1,41.7,57.3,4.8,17.7,77.4,7.6,102,102,129315,76997,52318,28967,0.3,63.2,1.6,2,10.5,3.4,7.8,5.3,22.2,80.1,50,10.9,84,114,-99
"Isle of Man",98546,62420,36126,950,115.89,73.41,42.49,11172,false,true,true,false,false,false,false,false,false,false,false,false,false,false,false,false,false,"NorthernEurope",572,84,147.9,98.2,-99,-99,-99,-99,-99,-99,"...","...","...",2.6,-99,-99,-99,-99,-99,-99,0.8,52.2,0.8,-99,-99,-99,-99,-99,-99,-99,3,6.1,0,3,-99
"Israel",10671175,5517209,5153966,4968,123.29,63.74,59.55,574,false,false,true,false,false,false,false,true,false,false,false,false,false,false,false,false,false,"WesternAsia",22072,8322,384.5,98.7,299413,2.5,37129.4,1.3,21.2,77.5,1,17.9,81,5.9,112,112,60571,65803,-5232,13642,1.6,92.1,1.4,3,44.7,3.4,7.8,5.8,27.5,78.9,174,7.5,313,119,-99
"Italy",47722029,32293382,16629336,543046,78.93,53.41,27.5,8982,false,true,true,false,false,false,true,true,false,false,false,false,false,false,false,false,false,"SouthernEurope",302073,59360,201.8,95.1,1821580,0.7,30462.4,2.2,23.5,74.2,3.5,27.1,69.4,11.4,89,89,461529,404578,56951,29348,-0.1,69,0.4,1.4,216.7,3,9.2,4.1,31,65.6,359,31.4,1539,103,-99
"Jamaica",194315,163209,31106,2347,6.56,5.51,1.05,793,false,true,false,false,false,false,false,false,false,false,false,false,false,false,false,false,false,"Caribbean",10990,2890,266.9,99,14262,1,5105.8,7.1,22.3,70.5,17.9,15.3,66.8,13.1,102,102,1202,4767,-3565,-400,0.4,54.8,0.9,2.1,"~0.0",15,5.4,5.5,17.5,43.2,311,31,8,37,0.42
"Japan",35788723,24784840,11003883,1161762,28.3,19.6,8.7,9186,false,false,true,false,false,false,false,true,false,false,false,false,false,false,false,false,false,"EasternAsia",377930,127484,349.7,95.4,4383076,1.2,34628.7,1.2,26.4,72.4,3.7,26.5,69.8,3,96,97,644932,606924,38008,135608,-0.1,93.5,0.6,1.4,19.4,2.2,10.2,3.6,9.3,93.3,404,68.5,1114,146,-99
"Jordan",3197278,2125824,1071454,73713,31.34,20.83,10.5,7225,false,true,true,false,true,true,false,false,false,false,false,false,false,false,false,false,false,"WesternAsia",89318,9702,109.3,102.6,37517,2.4,4940.1,4,27.7,68.4,2,17.8,80.2,13.4,134,135,7509,19207,-11698,-3332,4.9,83.7,3.8,3.6,721.4,17.1,7.5,-99,15.4,53.4,113,1.1,7,47,5.8
"Kazakhstan",4611224,2857255,1753969,77576,24.56,15.22,9.34,4132,false,false,false,false,true,false,false,false,false,false,false,false,false,true,true,false,false,"CentralAsia",2724902,18204,6.7,93.9,181754,1.2,10312.1,5,32.5,62.5,18.1,20.4,61.6,5.6,126,127,36775,25175,11601,-5464,1.6,53.2,0.9,2.7,9.2,14.1,4.4,2.8,27.1,72.9,82,1.2,7091,193,0.05
"Kenya",1201325,997420,203905,6511,2.23,1.85,0.38,121,false,true,false,false,true,false,false,false,false,false,false,false,false,false,false,false,false,"EasternAfrica",591958,49700,87.3,98.8,63399,5.6,1376.7,32,19,49,61.9,8.6,29.5,10.8,126,126,5688,14109,-8420,-6339,2.7,25.6,4.3,4.1,582.4,39.4,5.7,5.3,19.4,45.6,480,7.7,750,20,3.93
"Kuwait",3100000,,,36571,72.59,,,8564,false,false,true,false,false,false,false,false,false,false,false,false,false,false,false,false,false,"WesternAsia",17818,4136,232.1,134.9,114054,1.8,29303.9,0.6,48.7,50.7,2.6,27.3,70.1,2.2,199,199,46238,30825,15413,8584,5.4,98.3,3.6,2,94.7,8.4,3,"...",3.1,82.1,49,0.4,6941,380,-99
"Kyrgyzstan",173700,99900,73800,2723,2.66,1.53,1.13,417,false,false,false,false,true,true,false,false,false,false,false,false,false,false,false,false,false,"CentralAsia",199949,6045,31.5,98.4,6572,3.5,1106.4,15.4,25.9,58.7,29.2,21,49.8,7.7,108,110,1423,3844,-2421,-721,1.6,35.7,1.6,3.1,8.2,19.6,6.5,5.5,19.2,30.2,44,3.4,80,27,12.16
"Latvia",1092435,641351,501747,8596,57.92,34,26.6,4557,false,true,true,false,false,false,true,true,false,false,false,false,false,false,false,false,false,"NorthernEurope",64573,1950,31.3,84.9,27004,2.7,13704.1,3.2,23.3,73.5,7.3,23,69.7,9.6,130,130,11433,13596,-2163,-210,-1.2,67.4,-0.7,1.5,252.6,6.5,5.9,5.3,16,79.2,30,54,108,99,-99
"Lebanon",1175505,794834,380671,16294,17.22,11.65,5.58,2387,false,true,true,false,true,true,false,false,false,false,false,false,false,false,false,false,false,"WesternAsia",10452,6082,594.6,100.6,50149,1.5,8571.4,3.2,19.6,77.2,8.2,22.4,69.4,7,95,95,3402,20409,-17007,-8146,6,87.8,3.2,1.7,1054.2,9.2,6.4,2.6,3.1,74,87,13.4,7,55,2.04
"Lesotho",36759,36637,122,398,1.72,1.71,0.01,186,false,true,false,false,false,false,false,false,false,false,false,false,false,false,false,false,false,"SouthernAfrica",30355,2233,73.6,94.4,2008,2.8,940.6,7.7,31.3,61,39.7,20,40.3,27.5,101,100,648,1727,-1079,-168,1.3,27.3,3,3.3,"~0.0",59.8,10.6,"...",25,16.1,18,1.6,31,28,4.11
"Liberia",68821,68134,687,514,1.36,1.35,0.01,102,false,true,false,false,false,false,false,false,false,false,false,false,false,false,false,false,false,"WesternAfrica",111369,4732,49.1,101.8,2053,0.3,455.9,70.8,11.4,17.9,45.3,11.7,43,4.1,104,121,641,727,-86,-860,2.6,49.7,3.4,4.8,22.1,59,10,2.8,12.3,5.9,172,43.7,73,19,61.73
"Libya",351408,351408,,4800,5.11,5.11,,699,false,true,true,true,true,false,true,true,false,false,false,false,false,false,false,false,false,"NorthernAfrica",1676198,6375,3.6,101.7,34457,-10.2,5488.2,0.9,67.1,32,19.1,25.1,55.8,19.2,113,114,4615,8876,-4261,-108,0.2,78.6,1.1,2.4,472.5,24.3,5,-99,16,19,63,0.1,1505,119,0.51
"Liechtenstein",29736,18446,11290,401,77.97,48.37,29.6,10515,false,false,true,false,false,false,false,true,false,false,false,false,false,false,false,false,false,"WesternEurope",160,38,237,98.4,6361,1.4,169491.8,0.7,40.1,59.2,-99,-99,-99,2.6,102,102,-99,-99,-99,-99,0.8,14.3,0.5,1.5,0.3,-99,-99,2.6,12,96.6,6,43.1,1,74,-99
"Lithuania",2160457,1220448,940009,19115,79.36,44.83,34.53,7022,false,true,true,false,false,false,true,true,false,false,false,false,false,false,false,false,false,"NorthernEurope",65286,2890,46.1,85.4,41402,1.8,14383.7,3.6,29.8,66.5,8.7,24.5,66.8,9.2,125,125,25025,27501,-2476,-977,-1.3,66.5,-0.5,1.6,4.7,4.4,6.6,4.6,21.3,71.4,26,34.8,74,98,-99
"Luxembourg",491716,299354,192362,7441,78.55,47.82,30.73,11887,false,true,true,false,false,false,false,true,false,false,false,false,false,false,false,false,false,"WesternEurope",2586,584,225.3,101,56802,3.5,100160.8,0.2,12.1,87.7,1.3,10.2,88.5,5.6,98,98,12838,19124,-6285,2962,2.2,90.2,1.7,1.5,4.2,3.4,6.9,4.1,28.3,97.3,11,33.5,6,290,-99
"Madagascar",188752,188752,,8834,0.68,0.68,,319,false,true,false,false,false,false,false,false,false,false,false,false,false,false,false,false,false,"EasternAfrica",587295,25571,44,99.5,9739,3.1,401.8,24.9,18.4,56.7,74.2,9.4,16.5,2.3,119,120,2256,2965,-709,-622,2.7,35.1,4.7,4.4,0.1,36.8,3,2.1,19.2,4.2,1324,21.5,129,7,7.05
"Malawi",426356,384671,41685,4720,2.23,2.01,0.22,247,false,true,false,false,false,false,false,false,false,false,false,false,false,false,false,false,false,"EasternAfrica",118484,18622,197.5,98.2,6420,3,372.9,26.1,16.6,57.3,69.9,4.8,25.4,6.8,149,150,875,1649,-774,-710,2.9,16.3,3.8,4.9,25.7,66.5,11.4,5.6,16.7,9.3,176,33.6,89,6,16.53
"Malaysia",6301727,4574685,1727042,199660,19.47,14.13,5.34,6169,false,true,true,true,false,false,false,false,false,false,false,false,false,false,false,false,false,"South-easternAsia",330323,31624,96.3,106.7,296284,5,9768.4,8.6,39.6,51.8,11.8,27.3,60.9,3.3,122,130,189414,168375,21039,8960,1.8,74.7,2.7,2.1,238.6,6.5,4.2,5,10.4,71.1,1272,67.5,3738,118,0
"Maldives",500485,315620,184865,813,92.59,58.39,34.2,1504,false,true,true,false,false,true,false,false,false,false,false,false,false,false,false,false,false,"SouthernAsia",300,436,1454.4,131.8,3435,2.8,9446.5,3.1,22,74.9,7.7,22.8,69.5,2.9,65,65,140,2128,-1988,-326,2.8,45.5,4.5,2.2,-99,9,13.7,5.2,5.9,54.5,75,3.3,0,54,0.95
"Mali",176038,130574,45464,2049,0.87,0.64,0.22,101,false,true,false,false,false,false,false,false,false,false,false,false,false,false,false,false,false,"WesternAfrica",1240192,18542,15.2,100.2,13100,7.6,744.3,39.9,19.6,40.5,56.7,14.7,28.6,8.1,154,157,3030,2510,520,-676,2.9,39.9,5.1,6.4,90.8,78.5,7,3.7,8.8,10.3,42,3.9,55,4,9.45
"Malta",636059,353584,294650,4575,144.05,80.08,66.73,10361,false,true,true,false,false,false,true,true,false,false,false,false,false,false,false,false,false,"SouthernEurope",315,431,1346.4,100.9,9747,6.2,23280.7,1.4,15,83.6,1.2,20.9,77.9,5.4,96,96,4039,7182,-3143,539,0.5,95.4,0.5,1.4,8.1,4.8,9.7,7.8,12.5,76.2,39,1.1,1,78,-99
"Mauritania",136003,129020,6983,12831,2.93,2.77,0.15,2760,true,true,false,false,false,false,false,false,false,false,false,false,false,false,false,false,false,"WesternAfrica",1030700,4420,4.3,101.6,5023,1.2,1235,20.9,41.7,37.4,40.3,9.5,50.2,12,125,125,1623,2174,-551,-1066,2.9,59.9,3.5,4.9,69,68,3.8,2.9,25.2,15.2,86,0.2,31,13,5.02
"Mauritius",598863,380362,218501,11968,47.09,29.91,17.18,9411,true,true,false,false,false,false,false,false,true,false,false,false,false,false,false,false,false,"EasternAfrica",1969,1265,623.2,97.9,11511,3.5,9040.9,2.9,22.7,74.4,7.3,25.2,67.5,7.6,96,96,2194,4655,-2461,-566,0.2,39.7,-0.1,1.5,-99,12,4.8,4.9,11.6,50.1,257,19,10,51,0.67
"Mexico",41368066,28590500,17463895,445643,32.08,22.17,13.54,3456,false,true,true,true,true,false,false,false,false,true,false,false,false,false,false,false,false,"CentralAmerica",1964375,129163,66.4,99.2,1140724,2.5,8980.9,3.6,36,60.4,13.4,25.2,61.3,4.1,120,120,373883,387064,-13181,-33216,1.4,79.2,1.6,2.3,5.9,18.8,6.3,5.3,42.6,57.4,1162,34,8514,62,0.03
"Monaco",33965,18836,15129,313,86.55,48,38.55,7976,false,false,true,false,false,false,false,false,false,false,false,false,false,false,false,false,false,"WesternEurope",2,39,25969.8,94.7,6258,5.4,165870.6,-99,13.4,86.6,-99,-99,-99,"...",-99,-99,-99,-99,-99,-99,0.6,100,0.8,-99,"~0.0",-99,4.3,1,20.8,93.4,21,-99,-99,-99,-99
"Mongolia",3645291,1931642,1713649,9759,111.19,58.92,52.27,2977,false,true,true,false,true,true,false,false,false,false,false,false,false,false,false,false,false,"EasternAsia",1564116,3076,2,97.9,11758,2.3,3973.4,14.8,34.1,51.1,28.4,20.7,51,6.3,147,149,4917,3358,1559,-948,1.9,72,2.8,2.8,"~0.0",22.8,4.7,4.6,17.1,21.4,41,8.1,677,84,2.21
"Montenegro",279639,148571,131068,1648,44.52,23.66,20.87,2624,false,true,true,false,true,true,false,false,false,false,false,false,false,false,false,false,false,"SouthernEurope",13812,629,46.8,97.4,4020,4.5,6424.1,9.8,17.5,72.6,7.5,17.3,75.2,17.4,66,66,354,2263,-1908,-533,0.1,64,0.3,1.7,16,4.1,6.4,-99,23.5,64.6,98,61.5,29,64,2.44
"Montserrat",2600,1394,1206,2,52.01,27.89,24.12,400,false,true,false,false,false,false,false,false,false,false,false,false,false,false,false,false,false,"Caribbean",103,5,51.8,106,59,0.4,11553.4,1.4,12.7,85.9,-99,-99,-99,5.6,103,103,4,36,-32,-27,0.7,9,0.7,"...","...",-99,-99,"...",-99,54.6,55,25,-99,133,-99
"Morocco",18251766,9685199,8566567,171200,49.45,26.24,23.21,4638,false,true,false,false,false,true,false,false,false,false,false,false,false,false,false,false,false,"NorthernAfrica",446550,35740,80.1,98.1,100359,4.4,2919.3,13.7,28.9,57.4,32.6,20.7,46.8,10.4,130,130,22858,41696,-18838,-2161,1.4,60.2,2.3,2.6,6.4,28.1,5.9,"...",20.5,57.1,207,12.6,78,23,1.51
"Mozambique",394930,320129,74801,62,1.26,1.02,0.24,2,false,true,false,false,false,true,false,false,false,false,false,false,false,false,false,false,false,"EasternAfrica",799380,29669,37.7,95.5,14806,6.6,529.2,24.6,21,54.4,75,4.1,21,24.1,137,137,3352,5295,-1943,-5833,2.9,32.2,3.3,5.4,24,67.3,7,6.5,39.6,9,309,48.5,779,20,12.54
"Myanmar",2994900,1772177,1222723,50126,5.5,3.26,2.25,921,false,true,false,false,false,false,false,false,false,false,false,false,false,false,false,false,false,"South-easternAsia",676577,53371,81.7,95.5,62601,7.3,1161.5,26.7,34.5,38.7,23.6,14.6,61.7,0.8,130,128,11673,15696,-4023,-3921,0.9,34.1,2.5,2.3,1392.1,45,2.3,-99,10.2,21.8,321,45.3,1078,15,2.23
"Namibia",124460,104530,19930,2979,4.9,4.11,0.78,1172,false,true,false,false,false,true,false,false,false,false,false,false,false,false,false,false,false,"SouthernAfrica",824116,2534,3.1,94.7,11491,5.3,4673.6,6.6,30.6,62.8,29.1,14.6,56.3,24.9,88,89,4816,6721,-1905,-1700,2.2,46.7,4.2,3.6,4.8,36.4,-99,"...",41.3,22.3,115,8.5,19,31,1.24
"Nauru",7486,7486,,4,69.1,69.1,,369,false,true,false,false,false,false,false,false,false,false,false,false,false,false,false,false,false,"Micronesia",21,11,568,101.9,189,18.7,18469.2,3,59.9,37.1,-99,-99,-99,23,112,112,-99,-99,-99,-99,2.3,100,0.2,3.9,0.8,18,3.3,-99,10.5,54,82,0,0,63,-99
"Nepal",3231849,2500196,731653,22465,11.09,8.58,2.51,771,false,true,false,false,false,true,false,false,false,false,false,false,false,false,false,false,false,"SouthernAsia",147181,29305,204.4,94.3,20658,2.7,724.5,31.8,14.9,53.3,72.6,10.9,16.5,3,139,139,703,5249,-4547,2447,1.2,18.6,3.2,2.3,30.7,32.8,5.8,3.7,29.6,17.6,104,25.4,451,19,5.73
"Netherlands",13734246,8912097,5091458,144407,80.15,52.01,29.71,8428,false,true,true,false,false,false,true,true,false,false,false,false,false,false,false,false,false,"WesternEurope",41542,17036,505.2,99,750318,2,44332.1,1.8,20,78.2,2.2,15.9,81.9,5.6,115,115,511714,420969,90745,65129,0.3,90.5,1,1.7,116.3,3.5,10.9,5.5,38,93.1,40,11.1,2447,178,-99
"New Caledonia",104683,56691,47992,552,36.67,19.86,16.81,1934,false,false,true,false,false,false,false,false,false,false,false,false,false,false,false,false,false,"Melanesia",18575,276,15.1,101.5,8937,3.2,33965.7,1.4,26,72.6,3,26.9,70.1,15.1,102,103,1344,2422,-1079,-1469,1.4,70.2,2.2,2.2,-99,13,-99,-99,-99,74,526,45.9,1,215,-99
"New Zealand",1019364,637847,381517,18097,21.14,13.23,7.91,3753,false,false,true,false,false,false,false,false,false,false,false,false,false,false,false,false,false,"Oceania",268107,4706,17.9,96.7,173417,3.1,38294.3,6.5,23,70.6,5.9,21.4,72.6,5.5,116,118,33833,36423,-2589,-5501,1.1,86.3,1,2,1.7,4.4,11,6.4,34.2,88.2,199,38.6,783,207,-99
"Nicaragua",167500,167500,,82,2.53,2.53,,12,false,true,false,false,true,false,false,false,false,false,false,false,false,false,false,false,false,"CentralAmerica",130373,6218,51.7,97.2,12693,4.9,2086.9,18.8,26.8,54.4,24.1,14.5,61.4,6.1,130,130,2225,5927,-3701,-1045,1.2,58.8,2,2.3,0.6,20,9,"...",45.7,19.7,144,25.9,91,26,3.68
"Niger",186207,172812,13395,982,0.77,0.71,0.06,41,true,true,false,false,false,false,false,false,false,false,false,false,false,false,false,false,false,"WesternAfrica",1267000,21477,17,100.6,7143,3.6,359,39.6,19.1,41.3,62.3,14.4,23.3,2.7,148,148,927,1861,-933,-1150,3.8,18.7,5.1,7.4,312.5,65.8,6,6.7,17,2.2,34,0.9,101,5,12.26
"Nigeria",2659153,1978808,680345,39399,1.29,0.96,0.33,191,false,true,false,false,false,false,false,false,false,false,false,false,false,false,false,false,false,"WesternAfrica",923768,190886,209.6,102.7,494583,2.7,2714.5,20.9,20.4,58.8,27.9,14.7,57.4,5.4,116,117,104084,36533,67551,-15763,2.7,47.8,4.7,5.7,2437.5,76.3,3.7,-99,5.6,47.4,361,8.1,10851,32,0.52
"Norway",3706706,2233536,1473170,45316,68.37,41.2,27.17,8359,false,false,true,false,false,false,false,true,false,false,false,false,false,false,false,false,false,"NorthernEurope",386194,5305,14.5,101.8,386578,1.6,74185.5,1.8,34.6,63.5,2.2,20.2,77.6,5.1,103,104,89120,72473,16647,33746,1.2,80.5,1.3,1.8,73.2,2.4,9.7,7.4,39.6,96.8,64,33.2,8204,233,-99
"Oman",859000,666000,193000,36165,16.82,13.04,3.78,7082,false,true,true,false,false,false,false,false,false,false,false,false,false,false,false,false,false,"WesternAsia",309500,4636,15,192.8,69832,5.7,15550.8,1.5,51.1,47.3,5,39.6,55.4,17.8,134,134,24455,23260,1195,-10807,6.5,77.6,8.5,2.9,0.6,9.6,3.6,5,1.2,74.2,99,"~0.0",3101,239,"..."
"Pakistan",13484364,10833547,3566547,248354,6.1,4.9,1.61,1124,false,true,false,true,true,true,false,false,false,true,false,false,false,false,false,false,false,"SouthernAsia",796095,197016,255.6,105.6,266458,5.5,1410.4,25.5,19,55.5,42.1,19.8,38.1,5.9,135,138,20534,46998,-26464,-1603,2.1,38.8,2.8,3.7,2739.4,69.8,2.6,2.6,20.6,18,140,2,2202,17,1.32
"Panama",1444047,,499244,14323,33.47,,11.57,3320,false,true,true,false,false,false,false,false,false,false,false,false,false,false,false,false,false,"CentralAmerica",75320,4099,55.1,100.4,52132,5.8,13268.1,2.8,27.1,70,14.5,19.6,65.9,6.2,117,118,636,11697,-11061,-3377,1.7,66.6,2.1,2.6,21.5,15.2,8,3.2,18.3,51.2,383,62.3,31,35,0.02
"Papua New Guinea",38176,38176,,987,0.43,0.43,,110,false,true,false,false,false,true,false,false,false,false,false,false,false,false,false,false,false,"Melanesia",462840,8251,18.2,103.5,21315,6.6,2797.6,20.1,28.2,51.8,68.3,5.7,26,2.5,84,83,8760,8874,-114,5326,2.2,13,2.1,3.8,9.7,49,4.3,-99,2.7,7.9,493,74.1,114,22,3.51
"Paraguay",662804,422474,240330,17893,9.29,5.92,3.37,2509,false,true,false,true,true,true,false,false,true,false,false,false,false,false,false,false,false,"SouthAmerica",406752,6811,17.1,102.9,27714,3.1,4174.4,19,29.5,51.6,19.6,19.5,61,5.5,160,166,8494,9753,-1259,-462,1.3,59.7,2.1,2.6,0.2,28.8,9.8,5,13.8,44.4,59,39.4,325,38,0.22
"Peru",6606935,3937353,2669582,99085,20.04,11.94,8.1,3005,false,true,true,false,false,true,false,false,false,false,false,false,false,false,false,false,false,"SouthAmerica",1285216,32166,25.1,99.8,190428,3.3,6069.1,7.6,33.3,59.2,24.4,17.3,58.3,5.3,145,148,36040,36185,-145,-9210,1.3,78.6,1.7,2.5,2.5,18.6,5.5,4,27.7,40.9,685,57.9,1020,30,0.18
"Philippines",8928249,6681352,2246897,222849,8.15,6.1,2.05,2034,false,true,true,true,true,false,false,false,false,false,false,false,false,false,false,false,false,"South-easternAsia",300000,104918,351.9,101.3,292449,5.9,2904.2,10.5,31.3,58.2,27.7,16.3,56.1,5.9,122,120,56313,85909,-29596,7694,1.6,44.4,1.3,3,240.2,22.2,4.7,"...",29.5,40.7,783,26.2,991,19,0.15
"Poland",27467853,16409509,11934134,283553,72.58,43.36,31.53,7492,false,true,true,false,false,false,true,true,false,false,false,false,false,false,false,false,false,"EasternEurope",312679,38171,124.6,93.4,477066,3.9,12355.5,2.6,34.1,63.3,10.9,29.6,59.5,5.3,113,113,196455,188518,7937,-2932,"-~0.0",60.5,-0.1,1.3,23.7,4.5,6.4,4.9,28,68,58,30.7,2819,102,-99
"Portugal",7774300,5098492,3014763,94614,76.24,50,29.57,9279,false,true,true,false,false,false,true,true,false,false,false,false,false,false,false,false,false,"SouthernEurope",92226,10330,112.8,89.8,199122,1.6,19239.2,2.3,22.3,75.4,8,23.8,68.2,10.5,104,104,55658,67580,-11922,842,-0.4,63.5,1,1.3,1.8,2.9,9.5,5.1,34.8,68.6,281,34.9,250,84,-99
"Qatar",2926066,1635054,1291012,11497,101.56,56.75,44.81,3991,false,false,true,false,false,false,false,true,false,false,false,false,false,false,false,false,false,"WesternAsia",11607,2639,227.3,301.2,164641,3.6,73653.4,0.2,56.4,43.5,1.2,54.1,44.7,0.3,154,154,57254,32058,25196,13751,6.6,99.2,6,2,1.5,7.2,2.2,3.6,0,92.9,39,0,9166,846,-99
"Romania",8780559,4650160,4389865,25715,45.64,24.17,22.82,1337,false,true,true,false,false,false,true,true,false,false,false,false,false,false,false,false,false,"EasternEurope",238391,19679,85.5,94,177956,3.7,9120.7,4.8,34.9,60.3,25.5,27.7,46.8,7.1,100,100,63581,74605,-11024,-2096,-0.6,54.6,"~0.0",1.5,3.2,8.7,5.6,3.1,20.7,55.8,104,29.5,1109,68,-99
"Russian Federation",36044137,20390788,15653349,403434,24.7,13.97,10.73,2764,false,false,false,false,true,false,false,false,false,false,false,false,false,false,false,true,false,"EasternEurope",17098246,143990,8.8,86.8,1326016,-3.7,9243.3,4.7,31.8,63.5,6.8,27.1,66.1,5.8,120,120,285491,182257,103234,69000,0.1,74,-0.1,1.7,418.4,8.3,7.1,3.9,15.8,73.4,235,49.8,54829,208,-99
"Rwanda",578569,350400,228169,6154,4.47,2.71,1.76,475,false,true,true,false,false,false,false,true,false,false,false,false,false,false,false,false,false,"EasternAfrica",26338,12208,494.9,96.2,8096,6.9,697.3,34.6,15.1,50.3,75,7.2,17.8,2.4,139,139,622,1778,-1157,-1099,2.5,28.8,6.4,4.2,155.1,44,7.5,3.6,61.3,18,62,19.2,84,8,13.67
"Saint Helena",7892,4361,3531,97,130,71.83,58.16,15978,false,true,false,false,false,false,false,false,false,false,false,false,false,false,false,false,false,"WesternAfrica",308,4,10.4,-99,-99,-99,-99,-99,-99,-99,"...","...","...","...",-99,-99,"~0",48,-48,-99,-0.7,39.4,-0.6,-99,-99,-99,-99,-99,-99,37.6,100,5.1,0,41,-99
"Saint Kitts and Nevis",33982,22403,11579,263,63.89,42.12,21.77,4944,false,true,false,false,false,false,false,false,false,false,false,false,false,false,false,false,false,"Caribbean",261,55,212.9,97,876,3.8,15771.9,1.2,28.1,70.7,"...","...","...","...",39,39,51,332,-280,-63,1.1,32,1.3,-99,"~0.0",-99,5.1,2.8,13.3,75.7,52,42.3,0,59,3.93
"Saint Lucia",51563,30270,21293,122,28.08,16.48,11.6,664,false,true,false,false,false,false,false,false,false,false,false,false,false,false,false,false,false,"Caribbean",539,179,293.2,95.9,1450,1.9,7839.4,2.7,12.9,84.4,14.8,17.6,67.6,19,69,69,120,654,-535,-100,0.5,18.5,0.9,1.5,"~0.0",10.9,6.7,4.9,16.7,52.4,62,33.4,0,33,0.97
"Saint Vincent and the Grenadines",23640,,,89,21.31,,,802,false,true,false,false,false,false,false,false,false,false,false,false,false,false,false,false,false,"Caribbean",389,110,281.8,101.7,738,1.6,6739.2,7.5,17.2,75.3,22.1,16.1,61.8,19.1,115,115,47,335,-288,-210,"~0.0",50.6,0.7,2,-99,16.5,8.6,"...",13,51.8,58,69.2,0,29,1.8
"Samoa",45178,43983,1195,745,22.77,22.17,0.6,3755,false,true,false,false,false,false,false,false,false,false,false,false,false,false,false,false,false,"Polynesia",2842,196,69.4,106.6,774,2.8,4006,9.3,24.2,66.6,5.3,14.8,79.8,6.5,107,107,56,350,-294,-44,0.8,19.1,-0.2,4.2,"~0.0",18,7.2,"...",10,25.4,93,60.4,2,24,12.75
"San Marino",44379,22290,22290,104,130.76,65.68,65.68,3064,false,false,true,false,true,false,false,false,false,false,false,false,false,false,false,false,false,"SouthernEurope",61,33,556.7,94.9,1565,1,49240.2,0.1,33.3,66.6,"...","...","...",6.6,-99,-99,-99,-99,-99,-99,1.2,94.2,0.6,"...",-99,-99,6.1,2.4,26.7,49.6,1,0,-99,-99,-99
"Sao Tome and Principe",23918,12374,11544,201,10.91,5.65,5.27,917,false,true,false,false,false,false,false,false,false,false,false,false,false,false,false,false,false,"MiddleAfrica",964,204,212.8,99.2,334,4,1752.8,12.3,14.7,73,22.2,13.5,64.3,13.6,119,119,10,139,-129,-69,2.2,65.1,3.6,4.7,-99,43.8,8.1,3.8,18.2,25.8,94,55.8,1,14,12.39
"Saudi Arabia",16933104,,,100745,48.64,,,2894,false,true,true,false,false,false,false,false,false,false,false,false,false,false,false,false,false,"WesternAsia",2206714,32938,15.3,132.9,653219,3.4,20710.6,2.3,46,51.8,5.9,22.7,71.4,5.5,96,96,182329,135904,46426,-56724,2.8,83.1,2.1,2.7,70.2,13,4.7,"...",19.9,69.6,131,0.5,25904,287,"..."
"Senegal",632648,480311,152337,13597,3.78,2.87,0.91,812,true,true,false,false,false,false,false,false,false,false,false,false,false,false,false,false,false,"WesternAfrica",196712,15851,82.3,96.6,13633,6.5,901.1,15.5,24.1,60.4,51.4,20.7,27.9,9.3,126,127,2640,5478,-2838,-1348,3,43.7,3.6,5,17.6,43.9,4.7,7.4,42.7,21.7,123,43.2,77,11,6.49
"Serbia",5146241,2693998,2452243,23928,75.63,39.59,36.04,3516,false,true,true,false,true,true,false,false,false,false,false,false,false,false,false,false,false,"SouthernEurope",88499,8791,100.5,95.6,37160,0.8,5238.6,8.2,31.4,60.5,19.4,24.5,56.1,15.5,102,102,14852,19231,-4379,-1751,-0.4,55.6,-0.3,1.6,254.1,9.8,10.4,4.2,34.4,65.3,71,31.1,393,62,0.9
"Seychelles",137676,70660,67016,60,140,71.85,68.15,610,false,true,false,false,false,true,false,false,false,false,false,false,false,false,false,false,false,"EasternAfrica",457,95,206,97.2,1363,6.8,14133.2,2.7,13.6,83.8,3.6,17.9,78.2,4.1,105,109,335,833,-498,-256,0.5,53.9,1.1,2.4,-99,10.2,3.4,3.6,21.2,58.1,439,88.4,0,72,0.5
"Sierra Leone",97315,82145,15170,906,1.22,1.03,0.19,114,true,true,false,false,false,false,false,false,false,false,false,false,false,false,false,false,false,"WesternAfrica",72300,7557,104.7,98.1,4483,-20.3,694.8,51.4,17.6,31.1,68,6.5,25.5,3.1,168,168,466,958,-492,-1317,2.3,39.9,2.7,4.8,0.8,94.4,11.1,2.7,12.4,2.5,177,41.3,53,11,21.56
"Singapore",5029006,2971570,2057436,48231,85.96,50.79,35.17,8244,false,false,true,false,false,false,false,true,false,false,false,false,false,false,false,false,false,"South-easternAsia",719,5709,8155.5,97.7,292734,2,52239,"~0.0",26.4,73.6,0.3,17,82.6,2,112,112,329871,283009,46862,57922,1.7,100,2,1.2,"~0.0",2.1,4.9,2.9,23.8,82.1,293,23.1,27,209,-99
"Sint Maarten (Dutch part)",36209,20358,15851,310,84.44,47.47,36.96,7229,false,true,true,false,false,false,false,true,false,false,false,false,false,false,false,false,false,"Caribbean",34,40,1180,95.7,1094,0.5,28241.7,0.1,12.3,87.6,-99,-99,-99,-99,-99,-99,-99,-99,-99,23,3.1,100,2,-99,"~0.0",-99,-99,-99,-99,-99,51,-99,-99,303,-99
"Slovakia",3399122,1978168,1420954,34405,62.26,36.23,26.03,6302,false,true,true,false,false,false,false,true,false,false,false,false,false,false,false,false,false,"EasternEurope",49035,5448,113.3,94.6,87268,3.8,16082.5,3.7,34.8,61.5,3.3,34.5,62.2,9.9,97,97,77565,75156,2409,193,0.1,53.6,-0.3,1.4,2.7,5.7,8.1,4.2,20,85,54,40.3,264,121,-99
"Slovenia",1413358,804760,608598,8093,67.98,38.71,29.27,3893,false,true,true,false,false,false,false,false,false,false,false,false,false,false,false,false,false,"SouthernEurope",20273,2080,103.3,98.6,42777,2.3,20689.8,2.4,32.7,64.9,8.9,29.6,61.5,8.1,89,89,27585,26646,939,2216,0.3,49.7,0.1,1.6,0.6,2.5,9.2,5.5,36.7,73.1,143,62,154,135,-99
"Solomon Islands",,18042,,,,2.63,,,false,true,false,false,false,false,false,false,false,false,false,false,false,false,false,false,false,"Melanesia",28896,611,21.8,103.4,1075,3.2,1841.6,28.2,15.6,56.3,48.1,2.4,49.5,31.4,118,118,437,454,-17,-36,2.1,22.3,4.2,4.1,"~0.0",30,5.1,"...",2,10,245,78.3,3,11,16.47
"Somalia",178264,135107,43157,2999,1.12,0.85,0.27,189,true,true,false,true,false,false,false,false,false,false,false,false,false,false,false,false,false,"EasternAfrica",637657,14742,23.5,99.3,1559,2.7,144.5,60.2,7.4,32.5,72,4.8,23.2,6.6,112,112,925,530,394,-99,2.9,39.6,4.1,6.6,1168.4,79.5,-99,-99,24.2,1.8,175,10.3,129,12,22.85
"South Africa",2229242,2229242,479768,51036,3.76,3.76,0.81,861,false,false,true,false,false,false,true,false,false,false,false,false,false,false,false,false,false,"SouthernAfrica",1221037,56717,46.8,96.4,314571,1.3,5773,2.4,28.9,68.7,6.1,26.2,67.7,26,125,126,74111,74744,-633,-13644,1.4,64.8,1.6,2.6,1201.9,36.5,8.8,6,42.2,51.9,581,7.6,7102,122,0.47
"South Sudan",29410,27338,2072,1673,0.26,0.24,0.02,149,false,true,false,false,false,false,false,false,false,false,false,false,false,false,false,false,false,"EasternAfrica",658841,12576,20.6,100.4,13167,2,1067,4.6,58,37.4,-99,-99,-99,"...",-99,-99,2389,750,1640,-935,3.3,18.8,5.1,5.2,2231.2,77.7,2.7,1.8,28.5,17.9,49,-99,337,2,21.07
"Spain",37560626,23772029,15138439,476586,80.34,50.84,32.38,10193,false,true,true,false,false,false,true,true,false,false,false,false,false,false,false,false,false,"SouthernEurope",505944,46354,92.9,96.2,1192955,3.2,25865.4,2.6,23.6,73.7,3.9,19.2,76.8,18.3,102,102,281777,302539,-20762,16208,-0.2,79.6,0.7,1.3,28.8,2.9,9,4.3,39.1,78.7,617,36.8,1432,102,-99
"Sri Lanka",3324349,2482166,842183,56305,15.52,11.59,3.93,2629,false,true,false,false,true,true,false,false,false,false,false,false,false,false,false,false,false,"SouthernAsia",65610,20877,332.9,92.5,82316,4.8,3973.7,8.7,30.7,60.6,27.4,25.9,46.6,5.2,120,122,10546,19501,-8955,-2009,0.5,18.4,0.8,2.1,44.2,8.2,3.5,2.2,5.8,30,587,33.1,179,20,0.53
"Sudan",610924,508271,102653,11495,1.39,1.16,0.23,262,true,true,true,true,false,false,false,false,false,false,false,false,false,false,false,false,false,"NorthernAfrica",-99,40533,23,99.9,79546,4.9,1977,32.4,20.1,47.6,32.9,20.4,46.7,13.4,-99,-99,1797,7658,-5861,-5933,2.3,33.8,2.5,4.8,3619.6,48.7,8.4,"...",30.5,26.6,133,-99,682,16,1.09
"Suriname",182331,149697,32634,3809,31.08,25.52,5.56,6493,false,true,false,false,false,false,false,false,false,false,false,false,false,false,false,false,false,"SouthAmerica",163820,563,3.6,100.7,4879,-2.7,8985.3,11.4,27.4,61.1,3.4,22.3,74.3,9.9,152,152,1437,1244,193,-808,1,66,0.8,2.5,"~0.0",17.4,5.7,-99,25.5,42.8,83,98.3,44,62,0.32
"Sweden",7099237,4456063,2643174,80270,70.29,44.12,26.17,7948,false,true,true,false,false,false,false,false,false,false,false,false,false,false,false,false,false,"NorthernEurope",438574,9911,24.2,100.2,495694,4.1,50687.5,1.3,26.3,72.4,1.8,18.2,79.9,7.3,100,100,139574,140838,-1263,23250,0.8,85.8,0.8,1.9,348.5,2.4,11.9,7.7,43.6,90.6,54,68.9,1428,206,-99
"Switzerland",6702155,4065341,2636814,84979,77.44,46.97,30.47,9819,false,false,true,false,false,false,false,true,false,false,false,false,false,false,false,false,false,"WesternEurope",41291,8476,214.5,98.2,670790,0.8,80831.1,0.7,25.5,73.8,3.5,20.4,76.1,4.6,106,106,304691,269157,35534,77378,1.2,73.9,1.1,1.5,110.1,3.9,11.7,5.1,32.5,88,74,31.6,552,126,-99
"Tajikistan",102711,89121,13590,774,1.08,0.93,0.14,81,false,true,false,false,false,false,false,false,false,false,false,false,false,false,false,false,false,"CentralAsia",142600,8921,63.7,100.9,7853,4.2,925.9,25,28,47.1,57.2,13.4,29.4,10.8,155,172,899,3030,-2132,-472,2.2,26.8,2.6,3.5,21.8,38.9,6.9,5.2,19,19,45,3,76,14,4.55
"Thailand",8148335,5844521,2303814,195360,11.67,8.37,3.3,2799,false,true,false,true,false,false,false,false,false,false,false,false,false,false,false,false,false,"South-easternAsia",513120,69038,135.1,95.2,395168,2.8,5814.8,9.1,35.7,55.1,34,22.7,43.3,0.6,129,126,213927,195666,18260,32149,0.4,50.4,3,1.5,554.1,11.2,4.1,4.1,4.9,39.3,611,32,3338,83,0.02
"Togo",347246,270784,76462,4684,4.19,3.27,0.92,566,false,true,false,false,false,false,false,false,false,false,false,false,false,false,false,false,false,"WesternAfrica",56785,7798,143.4,99.4,4086,5.5,559.4,45.7,19.7,34.6,62.5,8.7,28.7,6.8,140,143,715,1716,-1001,-461,2.6,40,3.8,4.7,13.8,55.7,5.2,5.2,17.6,7.1,80,3.8,111,20,5.51
"Tonga",,28667,,,,27.12,,,false,true,false,false,false,false,false,false,false,false,false,false,false,false,false,false,false,"Polynesia",747,108,150,100.7,402,3.8,3784.5,22.4,21.5,56.1,33.3,28.2,38.5,4.8,134,134,14,209,-196,-33,0.4,23.7,0.7,3.8,"...",20.6,5.2,"...",3.8,45,79,12.5,0,15,18.3
"Trinidad and Tobago",235400,183832,51568,6129,16.82,13.14,3.68,4379,false,true,false,false,false,false,false,false,false,false,false,false,false,false,false,false,false,"Caribbean",5127,1369,266.9,97.1,25927,0.2,19062.9,0.5,42.5,57,4.1,31.6,64.3,4.2,95,95,4576,4826,-249,"...",0.5,8.4,-1.2,1.8,0.2,24.8,5.9,"...",31,69.2,69,45.4,1663,607,"..."
"Tunisia",1661855,1215888,445967,28868,14.06,10.29,3.77,2443,false,true,true,true,true,false,false,false,false,false,false,false,false,false,false,false,false,"NorthernAfrica",163610,11532,74.2,97.6,41199,0.8,3660.9,10.3,27.8,62,11.7,29.4,58.9,14.6,108,108,13483,19456,-5973,-3850,1.2,66.8,1.4,2.3,0.7,18.5,7,6.3,31.3,48.5,96,6.6,274,39,1.14
"Turkey",44951168,30267732,14683436,1030296,53.3,35.89,17.41,12216,false,false,true,true,false,false,false,false,false,false,false,false,false,false,false,false,false,"WesternAsia",783562,80745,104.9,97,717888,4,9125.8,8.6,26.4,65,19.6,27.5,52.9,10.8,120,122,142606,198602,-55996,-32278,1.6,73.4,2,2.1,3006.3,12.6,5.4,4.8,14.9,53.7,388,15.1,1303,65,0.3
"Turkmenistan",41993,32240,9753,,0.7,0.53,0.16,,false,true,false,false,true,true,false,false,false,false,false,false,false,false,false,true,false,"CentralAsia",488100,5758,12.3,97,37597,6.5,6996.7,13.4,51,35.6,17.9,37.4,44.7,8.6,103,109,3741,2616,1125,-99,1.8,50,1.9,3,7.2,46.9,2.1,3.1,25.8,15,54,8.8,3270,212,0.07
"Turks and Caicos Islands",38110,22700,15410,92,98.43,58.63,39.8,2376,false,false,true,false,false,false,false,false,false,false,false,false,false,false,false,false,false,"Caribbean",948,35,37.3,104.1,863,4.1,25121.8,0.6,10.4,89,"...","...","...","...",-99,-99,4,389,-385,-99,2,92.2,2.5,-99,"~0.0",-99,-99,3.3,-99,-99,60,36.2,0,86,-99
"Tuvalu",4772,4772,,169,40.47,40.47,,14332,false,true,false,false,false,false,false,false,false,false,false,false,false,false,false,false,false,"Polynesia",26,11,373.1,102,33,3.5,3362.4,26,7.6,66.4,-99,-99,-99,"...",110,110,"~0",12,-12,7,0.9,59.7,1.9,3.6,-99,"...",16.5,-99,6.7,42.7,96,33.3,-99,13,63.52
"Uganda",841629,841629,,4216,1.84,1.84,,92,false,true,false,false,false,false,false,false,false,false,false,false,false,false,false,false,false,"EasternAfrica",241550,42863,214.5,99,25282,5.4,647.7,25.6,21.5,52.9,72,7.4,20.5,2.4,93,90,2755,3750,-996,-2353,3.4,16.1,5.4,5.9,727.1,60.2,7.2,2.2,34.3,19.2,196,11,409,12,6.35
"Ukraine",2229165,1793999,435166,45924,5.1,4.1,1,1050,false,true,true,true,false,false,false,false,false,false,false,false,false,false,false,false,false,"EasternEurope",603500,44223,76.3,86,90615,-9.9,2021.6,14,26.3,59.7,15.7,24.6,59.7,8.8,137,137,36369,39184,-2815,-189,-0.5,69.7,-0.3,1.5,1644.8,8.8,7.1,5.9,12.3,49.3,102,16.6,3203,98,1.63
"United Arab Emirates",14735666,,,95308,148.99,,,9636,false,true,true,false,true,true,false,false,false,false,true,false,false,false,false,false,false,"WesternAsia",83600,9400,112.4,262.4,370296,3.8,40438.8,0.7,44.9,54.4,3.5,21.1,75.4,3.7,70,70,195613,201908,-6296,-99,2,85.5,2.9,1.8,1.3,6.2,3.6,-99,20,91.2,56,3.8,8642,366,-99
"United Kingdom",75188795,43448680,31740115,389619,110.76,64,46.76,5739,false,true,true,false,false,false,false,true,false,false,false,false,false,false,false,false,false,"NorthernEurope",242495,66182,273.6,97.4,2858003,2.2,44162.4,0.7,19.4,79.9,1.2,18.4,80.4,5,108,108,415856,635570,-219713,-122571,0.6,82.6,0.9,1.9,151.7,4.1,9.1,5.7,30,92,102,12.9,4482,116,-99
"United States of America",319872053,177948892,150787303,993840,95.64,53.21,45.09,2972,false,false,true,false,false,false,true,true,false,false,false,false,false,false,false,false,false,"NorthernAmerica",9833517,324460,35.5,98,18036648,2.6,56053.8,1,19.7,79.3,1.5,17.2,81.3,4.9,111,113,1453167,2249661,-796494,-462961,0.7,81.6,1,1.9,616.5,6,17.1,5.4,19.1,74.6,1513,33.9,83887,289,-99
"Uruguay",3660589,2175199,1485390,34369,105.38,62.62,42.76,9894,false,true,true,true,false,false,false,false,false,false,false,false,false,false,false,false,false,"SouthAmerica",173626,3457,19.8,93.5,53442,1,15573.8,6.8,28,65.2,8.7,20.5,70.8,8.8,129,130,6964,8137,-1173,-1141,0.3,95.3,0.5,2,0.5,12.7,8.6,4.4,20.2,64.6,106,10.4,113,58,0.04
"Uzbekistan",2695058,1623764,1002919,39902,8.05,4.85,3,1192,false,true,false,false,true,false,false,false,false,false,false,false,false,false,false,false,true,"CentralAsia",448969,31911,75,99.4,69004,6.8,2308.3,19.2,32.9,47.9,29,23.9,47.1,8.9,158,174,27947,25652,2295,-99,1.6,36.4,1.4,2.4,86.7,31.3,5.8,-99,16,42.8,59,7.6,2339,62,0.66
"Vanuatu",7462,7462,,419,2.43,2.43,,1364,false,true,false,false,false,false,false,false,false,false,false,false,false,false,false,false,false,"Melanesia",12189,276,22.7,102.4,737,-1,2783,26.7,8.4,64.9,61.4,6.8,31.8,5.3,123,122,50,416,-366,-82,2.3,26.1,3.4,3.4,"~0.0",24.3,5,5.5,0,22.4,137,36.1,1,12,12.32
"Viet Nam",2626337,2488655,137682,121863,2.7,2.56,0.14,1252,false,true,false,false,false,false,false,false,false,false,false,false,false,false,false,false,false,"South-easternAsia",330967,95541,308.1,98,193241,6.7,2067.9,18.9,37,44.2,41.8,22.9,35.2,2.2,136,134,176632,174111,2520,906,1.1,33.6,3,2,11,19.3,7.1,5.7,26.7,52.7,616,47.2,2977,30,1.73
"Yemen",251385,251385,,3252,0.84,0.84,,109,false,true,false,false,false,false,false,false,false,false,false,false,false,false,false,false,false,"WesternAsia",527968,28250,53.5,102.1,29688,-28.1,1106.4,14.7,36.9,48.4,32.9,17.9,49.2,16.1,136,137,570,6861,-6291,-3026,2.6,34.6,4,4.4,3371.4,47.2,5.6,"...",0,25.1,298,1,668,12,2.99
"Zambia",148304,142089,6215,91,0.81,0.77,0.03,5,false,true,false,false,false,true,false,false,false,false,false,false,false,false,false,false,false,"EasternAfrica",752612,17094,23,98.5,21255,2.9,1311.1,8.2,32.3,59.5,54.8,9.9,35.3,7.4,179,180,6505,7442,-937,-768,3,40.9,4.3,5.2,55.3,53.8,5,"...",18,21,88,65.6,374,26,3.96
"Zimbabwe",1166849,715056,451793,6568,7.85,4.81,3.04,442,false,false,false,false,false,true,false,false,false,false,false,false,false,false,false,false,false,"EasternAfrica",390757,16530,42.7,95,13893,1.1,890.4,13,30.5,56.5,67.5,7.3,25.2,5,99,98,2832,5212,-2379,-1521,2.3,32.4,2.3,4,308.6,46.5,6,8.4,32.6,16.4,89,37.2,482,30,6